id;first_name;last_name;email
1;Joannie;Steuber-Stehr;Gary13@hotmail.com
2;Rochelle;Bailey;Emely39@gmail.com
3;Misty;Ullrich;Mavis99@yahoo.com
4;Jackie;Stoltenberg;Arne_Wuckert8@yahoo.com
5;Norris;Batz;Donna.Jones@hotmail.com
6;Sheila;Herzog;Adelia15@yahoo.com
7;Mandy;Waelchi;Golda37@yahoo.com
8;Virgie;Mitchell;Gregorio_Terry37@gmail.com
9;Hailee;Schultz;Salma.Weimann26@gmail.com
10;Taylor;Russel;Madaline.Ryan@yahoo.com
11;Dario;Goodwin;Mohammad42@hotmail.com
12;Germaine;Schumm;Sara61@hotmail.com
13;Johnnie;Schmeler;Lilly_Bernier@yahoo.com
14;Holly;Ziemann;Ola.Will73@gmail.com
15;Asa;Mitchell;Maybelle47@hotmail.com
16;Brendon;Funk;Nettie_Turner@hotmail.com
17;Traci;Mitchell;Dayne_Crona53@yahoo.com
18;Jeanette;Schmidt;Demond90@yahoo.com
19;Andre;Hane;Tyrel.Kemmer90@yahoo.com
20;Jordane;Pfeffer;Brielle.Hilpert@gmail.com
21;Ebba;McKenzie;Hertha.Hettinger@hotmail.com
22;Barney;Beahan;Ramiro.Kuphal51@hotmail.com
23;Thelma;Kerluke;Janae2@yahoo.com
24;Johathan;Lockman;Gustave_Kohler@gmail.com
25;Flavie;Jast;Sterling_Pfannerstill82@hotmail.com
26;Russel;Berge;Doug.Torphy-Breitenberg64@gmail.com
27;Easter;West;Jacinto.Bradtke-Schinner@gmail.com
28;Jacky;Zemlak;Arno.Torphy9@gmail.com
29;Stanton;Wunsch;Laurence_Mertz81@yahoo.com
30;Kaden;Brakus;Shea9@gmail.com
